,요일명,제목,작가명,평점
0,mon,신체,엄세윤 / 정썸머,9.83
1,mon,참교육,채용택 / 한가람,9.90
2,mon,환생천마,JP / 부겸 / 장영훈,9.94
3,mon,샤MONEY즘,나락 / 영기,9.82
4,mon,시한부 천재가 살아남는 법,JP / 윤승기 / 청시소,9.83
5,mon,절대검감,김두루미 / 티아이 / 한중월야,9.94
6,mon,생존지상주의,토이 / 싱싱,9.83
7,mon,백수세끼,치즈,9.86
8,mon,귀촌리,황양 / 이대한,9.95
9,mon,청부입학,강필 / 지뚱,9.78
10,mon,소녀의 세계,모랑지,9.92
11,mon,똑 닮은 딸,이담,9.98
12,mon,계속 써도 돈이 쌓임,나들이 / 포스스튜디오 / 운좋은놈,9.92
13,mon,파브르 in 사천당가,지대공마법소년 / 크라켄 / 에르훗,9.96
14,mon,먹는 인생2,홍끼,9.96
15,mon,시리도록 불꽃처럼,김인호 / 유진성,9.88
16,mon,회귀한 공작가의 막내도련님은 암살자,스윙뱃 / 커피라임,9.93
17,mon,아포칼립스에 집을 숨김,DD / 송지형 / 로드워리어,9.83
18,mon,천재 타자가 강속구를 숨김,"황지성 / 스튜디오MW, 김성은 / 이블라인",9.87
19,mon,변경백의 10클래스 망나니,양평 / 시연 / 플린,9.83
20,mon,영업 천재가 되었다,혜림 / 댄킴,9.94
21,mon,그린스킨,승기사 / 파김치 / 흙수저,9.87
22,mon,검 먹는 소드마스터,양명 / 진범,9.81
23,mon,수상한 다이어트 클럽,스프링,9.89
24,mon,세림의 철칙,세윤 / 써나,9.93
25,mon,대공비가 체질입니다,LICO / 챰이 / 레치모나,9.97
26,mon,다정한 침입자,이니 / 정유한,9.96
27,mon,신화급 귀속 아이템을 손에 넣었다,판테라 / 헤스 / 정선율,9.69
28,mon,어린이집 다니는 구나,구나,9.97
29,mon,우주천마 3077,산하 / 김대영 / 녹색여우,9.68
30,mon,장편단편선,기주주,9.93
31,mon,중세 판타지 속 망나니 경비조장,스튜디오MW / 혜륜 / 곰돌이는,9.73
32,mon,조선야차,"두엽, 지존세호 / 미노",9.89
33,mon,망플루언서,망순,9.77
34,mon,천마 아포칼립스,PSG / 빅터 / 짤짤이,8.97
35,mon,고블린 주식회사,"살려주세요, 몬 / 번인",9.73
36,mon,이혼자녀,051,9.93
37,mon,좀비묵시록 82-08,"달아 / 아쿠아콘, 경우 / 박스오피스",9.81
38,mon,빌런의 순정,수민 / 로즈빈,9.96
39,mon,연애리뷰,"송채윤, 평강 / 라희",9.86
40,mon,상사폭행,레블스튜디오 / 이도엽,9.87
41,mon,"정신 차려, 전승연",제민,9.55
42,mon,포도가 익기 전에,삼태,9.94
43,mon,공포 쯔꾸르 생존기,LICO / 파급효과,9.86
44,mon,비공식 CC,백유안,9.87
45,mon,구야는 신입,구야,9.93
46,mon,프레스턴 경의 비밀 가정교사,오로라 스튜디오 / 성하,9.96
47,mon,2026 루키 단편선,네이버웹툰 작가,9.74
48,mon,강아지별,아음,9.97
49,mon,세상도 구해본 놈이 잘 구한다,오정훈 / 영38 / 아낙필,9.81
50,mon,나의 연애 참견자,꿀삼,9.95
51,mon,시간을 돌아온 황후의 납치 결혼,그리온 / 신은예,9.96
52,mon,히어로메이커,빤쓰,9.90
53,mon,피폐물을 힐링물로 만드는 방법,류호 / 양담 / 황도톨,9.97
54,mon,마왕의 친구,스컬리 / 7,9.40
55,mon,더블클릭,"박수봉, 김장훈 / 박수봉",9.93
56,mon,페일 블루 아이즈,LICO / 당도삼십 / 피숙혜,9.90
57,mon,해피 페이스,이저녁,9.96
58,mon,1초에 100만원,"이지호, 도보리 / 웨이브",9.55
59,mon,방과후 짝사랑 시네마,미킴,9.87
60,mon,개같이 탈출,갬쟈,9.91
61,mon,라서드,감람,9.97
62,mon,애드립의 신,GO / 남장현 / 전명,9.86
63,mon,오매불망,2L,9.86
64,mon,1인칭 혈육시점,모카빵,9.89
65,mon,K학원 생존기,양아최,9.94
66,mon,첩보원 악어새,배가봉,9.80
67,mon,야생에서 갤러리를 얻었다,달아 / 이스터에그 / 두부두부,9.86
68,mon,물고 뜯고 속이고,나음 / 강해주,9.82
69,mon,함부로 친절하지 말라,아린 / 류화 / 유세라,9.97
70,mon,나의 다정에게,쏘림,9.82
71,mon,기생번식,바쉬,9.92
72,mon,오늘은 뭐하고 놀까?,햄김밥,9.86
73,mon,제국 최고의 악녀를 사랑하게 되었습니다,"아지 / 아츠시, Perlacot",9.96
74,mon,남4친,올챙구리,9.88
75,mon,모솔대첩,진자 / 정생,9.87
76,mon,양심과외,리나,9.78
77,mon,꽃과 재,우루,9.97
78,mon,Lv.99 흑염의 프린세스,YDR / 먼주 / 린지,9.75
79,mon,마왕의 빛나는 별,이잉간,9.96
80,mon,기로의 밤,DOCI,9.91
81,mon,박수진과 백서정,옹방,9.65
82,mon,어떻게 용사 이름이 아아아아,알그,9.96
83,mon,빌,도베도베 / 아백,9.27
84,mon,누가 죄인인가,이승우,9.77
85,mon,헤어져서 팝니다,헛둘 / 정동생,9.91
86,mon,언스탯,쏜 / 구펜,8.64
87,mon,마귀공주,햄스터빵디,9.95
88,mon,나의 보이소프렌드,망공이,9.96
89,mon,게임마스터,"둥치, ogura / KZMS / 둥치",9.17
90,mon,"28, 청춘!",이나라,9.80
91,mon,NPC를 죽였다,무공,9.89
92,mon,머저리 M수생,규정,9.43
93,mon,코너트 성 집사로 살아남기,LICO / 롱토피아 / 호라담,9.97
94,mon,불완전한 이혼의 결말,진원 / 가은 / 라솔레,9.81
95,mon,프로젝트 마르스,영주,9.91
96,mon,채널명 : 구찬지아,김기현,9.95
97,mon,지유지요,용현동,9.85
98,mon,네 앞에서만 부끄러운 나는,김현아,9.93
99,mon,공주는 헬스장에 간다,콕,9.89
100,mon,너의 완두콩을 먹고 싶어!,니소라스 / 박건영,9.94
101,mon,킬링가드,이제환 / 도림,9.29
102,mon,뻐꾸기는 운다,진요,9.82
103,mon,한국에서 히어로 하기 힘들더라,이해력,9.96
104,mon,아직 제목 없음,주영현,9.92
105,mon,주희의 주위,G5,9.87
106,mon,부활성녀,사리앵 / 미르,9.59
107,mon,달로 만든 아이,온윤,9.97
108,mon,솔로스쿨,랑쓰 / 승9,9.93
109,mon,비터사이드 크렌베리스,챠콜,9.91
110,mon,귀신이 곡할 노릇,배아령,9.71
111,mon,반도대탈출,"MAJOR, 카시모프 / 카시모프",8.37
112,mon,데빌 캐피탈,정민용,7.91
113,mon,웅녀님이 보우하사,영파카,2.71
114,mon,철이 없어서 그래,심도수,9.84
115,mon,슬로우 다이브,고다,9.87
116,mon,좋아하면 닮는댔어,문주,9.79
117,mon,유체를 이탈하였습니다,이슬,9.36
118,tue,44교시 생존수업,상C,9.93
119,tue,절대회귀,JP / 박진환 / 장영훈,9.97
120,tue,오! 나의 교주님,"김꿀빨, 김완두",9.51
121,tue,김부장,"박만사, 남자의 이야기 / 정종택",9.67
122,tue,괴력 난신,매드버드 / 김태형 / 한중월야,9.95
123,tue,회귀한 용병은 다 계획이 있다,골드행 / 박진석,9.95
124,tue,예쁨 컬렉션,김이연,9.93
125,tue,내가 키운 S급들,seri / 비완 / 근서,9.91
126,tue,포그랜드,POGO,9.96
127,tue,양치기 마법사,"박만사, 김꿀빨 / YU / 수박복숭아",9.94
128,tue,멸망 이후의 세계,언데드딸기 / 언데드감자 / 싱숑,9.93
129,tue,아카데미 플레이어를 죽였다,기린그린 / 사람살려.,9.88
130,tue,제물 투표,이아거,9.83
131,tue,염라강림,바른꽃,9.92
132,tue,백작가의 비밀스런 시녀님,MIDNIGHT STUDIO / 백주아,9.98
133,tue,사신소년,류,9.89
134,tue,중증외상센터 : 외과의사 백강혁,홍비치라 / 한산이가,9.95
135,tue,하수전설,밥푸울 / 한경찬 / 군주,9.65
136,tue,불꽃,오세형,9.77
137,tue,분신,수진,9.91
138,tue,벙커의 낮,2면지,9.94
139,tue,사채지간,흑백 / 김동찬,9.89
140,tue,오늘도 퇴근,백초 / 물속 / 파셔,9.94
141,tue,나쁜남자가 돼라!,이연 / 자개,9.92
142,tue,내가 죽인 드래곤과 결혼했다,만둣불 / 젤링 / 분재나무,9.84
143,tue,동생 왔다,모나,9.94
144,tue,이세계서 유부남된 썰,"판테라, 팀 포레스티브 / 김혜령 / 베르헤라",9.89
145,tue,신과함께 돌아온 기사왕님,지대공마법소년 / 전천후마검사 / 사람살려.,8.79
146,tue,방랑기사로 살아가는 법,"박준호 / 박준호, JCK, 이서형 / 글쓰는기계",9.64
147,tue,그랬더니 남친임니다,뽀꼬,9.58
148,tue,사람의 탈,우주돌,9.97
149,tue,약 파는 황태자,하강호 / 히스 / 문백경,9.93
150,tue,어느 날 해츨링이 되었다,판테라 / 리피아 / 햄스끼,9.95
151,tue,커플이상 부부미만,마자,9.92
152,tue,타락면역이라 재앙급 마검 들고 시작한다,김상민 / 맘모스XM,9.84
153,tue,인간은 썩었어,차흐,6.88
154,tue,안 멋진 어른 지혜 양,호리호 / 하나,9.89
155,tue,생활의 참견 2 : 지금은 가족시절,김양수,9.94
156,tue,결혼사수스캔들,해수,9.91
157,tue,나만 보는 탑 공략집,쿡 / X-NAME / 쾌조,9.88
158,tue,천만청춘,유월,9.98
159,tue,원주민 공포만화,원주민,9.83
160,tue,주차장,곽백수,9.91
161,tue,심판,뿌엑이,9.67
162,tue,후원 낙인,송의영 / 점점 / 하윤미,9.83
163,tue,육아부터 하는 연애,S / 최연,9.96
164,tue,사표내고 이계에서 힐링합니다,덤보 / 파란 / 딥블랙,9.95
165,tue,환생했더니 단종의 보모나인,"비단가리비, 비단살쮜 / 트루 / 윤인수",9.96
166,tue,풍요의 여신과 천재 망나니 사도님,성구 / 곰산타,9.88
167,tue,원수의 아기를 가졌다,안지 / 이삼 / 미니바라기,9.64
168,tue,역변! 첫사랑,혁상,9.19
169,tue,하루만 네가 되고 싶어,삼,9.95
170,tue,화분,쿼시,9.68
171,tue,대공가의 새아가는 조금 사나워요,심상 / 뫄과 / 진이현,9.79
172,tue,저 그런 인재 아닙니다,에몽 / 희진 / 덴피,9.96
173,tue,폭풍의 전학생 시즌3,강냉이,9.38
174,tue,괴이현상 하나,머클 / 곰방,9.88
175,tue,블러드레인 3,"백두, MAJOR / 백두",8.46
176,tue,브레이커즈,JDL / 뚱또 / 취룡,9.77
177,tue,착한 여자 안선해,선우,9.91
178,tue,개집사,고추참치,9.97
179,tue,가공낙원,삼촌,9.98
180,tue,윌유메리미,마인드C,9.91
181,tue,긁지 않은 복권,보로리,9.85
182,tue,혈마전기,자몽소년,8.70
183,tue,귀공자,한동우 / 이도희,9.83
184,tue,클래스메이트,수리부,9.95
185,tue,빌런투킬,퓨핀 / 은지,9.92
186,tue,딜리버리 임파서블,담객 / 모동,9.86
187,tue,색시한 내 우렁이,수오수,9.94
188,tue,아름다운 줄리엣을 위하여,나사못 / 삼밀삼 / 도주차량,9.97
189,tue,사리네 보석함,쪼,9.90
190,tue,대졸백수 400만 시대의 하여자들,최정아,9.82
191,tue,고고밍밍고,밍밍고,9.93
192,tue,야만의 청혼,team IRUKA / 이윤아,9.69
193,tue,스마일 복서,상상어,9.87
194,tue,비밀의 정원,쑤녕,9.97
195,tue,아카데미가 망했다,BIN / GG / ROHRAN,9.85
196,tue,터닝포인트,숭어,9.93
197,tue,인그레이브,도마,9.86
198,tue,죽어 천국에 가다,수사반장,9.93
199,tue,포 더 퀸덤,로즈옹,9.93
200,tue,재난은 늘 곁에 있다,이혜,9.97
201,tue,하트는 파랑,5보2 / 알지비,9.86
202,tue,콩에서 새싹이!,숙희,9.88
203,tue,불순물 연애,우짜,9.83
204,tue,천씨세가의 망나니가 되었다,오수휘 / 백몽,9.06
205,tue,마도애를 사랑하는 법,서글,9.91
206,tue,내남친 킹카만들기,랑쓰 / 섯끼,9.91
207,tue,디펜스 브레이커,주신 / 이노,9.55
208,tue,남자가 되기 싫어,성은,9.71
209,tue,스타코인,지나무,9.42
210,tue,불로불사로 산다는 것은,차원 / 로비 / 겨울에어컨,9.91
211,tue,붉은 이정표,달뜬,9.90
212,tue,없는 사람,오리,9.96
213,tue,인생내꺼,미티 / 구구,9.79
214,tue,뜻밖의 청혼,이건 / 홍홍 / 해사,9.92
215,tue,내 남편의 정부에게,에리카 / 댄싱브레인 / 라치크,9.93
216,tue,힐링사무소,박태희,9.70
217,tue,보이드맨,한건희,9.82
218,tue,연애 못하면 사망,홍치,9.91
219,tue,아폴론 저축은행,차무진 / 혁씨,9.23
220,tue,존X킬러,메론뽀이,9.34
221,tue,살찐청부업자,다색,9.75
222,tue,써니서프,두한,9.77
223,tue,너의 세계,이에내,9.75
224,tue,레벨업! 여신님,도롱뇽,9.37
225,tue,시한부 황후의 나쁜 짓,굄 / 이준 / 정무늬,9.86
226,tue,한계돌파,정우리,9.69
227,tue,비기닝즈,박정운,9.03
228,tue,시냅틱 에러,연제원,9.75
229,tue,썸머문: 더 큐프리즈,HYBE,9.02
230,tue,불완전X스타,성목,9.73
231,tue,소녀*구원대행,한기주 / 도하예,9.57
232,tue,에투알의 비밀,허니비 / StillUnderworld,7.30
233,tue,선 넘는 결혼생활,맹 / 무인 / 강하다,9.84
234,tue,레디액션,나근H,8.78
235,wed,화산귀환,"ARCHE, LICO / 비가",9.87
236,wed,별을 품은 소드마스터,홍대의 / 주노 / Q10,9.97
237,wed,종말이 찾아왔다,전선욱,9.85
238,wed,싸이코패스 in 무림,김언 / 송범규 / 곤붕,9.87
239,wed,쪽팔려게임,봉수 / 다이,9.94
240,wed,조의 영역: 여의도,조석,9.86
241,wed,운명을 보는 회사원,영완(映完) / 임성욱,9.94
242,wed,일렉시드,손제호 / 제나,9.84
243,wed,천마는 조용히 살고싶다,"기제마, 전명우 / 슬우 / 김강현",9.94
244,wed,썰:관계주의,이삼 / 장버들,9.92
245,wed,백XX,"병장, 박만사 / 펀치킥",9.86
246,wed,66666년 만에 환생한 흑마법사,"모도, 박지헌 / 백세 / 화봉",9.92
247,wed,1등급 싸움과외,김태경,9.34
248,wed,중간에서 만나,조흰 / 윤김,9.96
249,wed,흑사,안경알,9.96
250,wed,어느 마법사의 식당,차씨 / 스튜디오 이너스,9.95
251,wed,미래의 골동품 가게,구아진,9.97
252,wed,원더랜드,까말솔 / 경한,9.12
253,wed,방구석 재민이,뽈쟁이,9.76
254,wed,천재는 평범하게 살기로 했더,비단가리비 / 아티 / 자손e,9.96
255,wed,건곤불이기,"박만사, 노경찬 / 형1978 / 임준욱",9.84
256,wed,멸귀수도전,이산책 / 솔티 독 / 연우솔,9.95
257,wed,왕따가 격투기를 너무 잘함,"박만사, 김꿀빨 / 김꿀빨 / 아몬드빵",9.84
258,wed,나쁜사람,둠스,9.71
259,wed,공작님의 아이만 필요합니다,라뇽 / Roal / 백단,9.98
260,wed,밥먹고가라,차우민 / 더 비숑 / 고두열,9.95
261,wed,좋아하면 멍청해진다,뀌옥,9.95
262,wed,첩자의 마교생활,DALGON / 대은호,9.76
263,wed,어린이집 다니는 구나,구나,9.97
264,wed,중대장은 실망했다,이량,9.94
265,wed,표절의혹,김칸비 / 황영찬,9.90
266,wed,내 분신이 거물이 되어간다,LICO / 한사 / 실험샘플,9.86
267,wed,강철을 먹는 플레이어,황동 / 감독9 / 지점장,9.78
268,wed,싸움배달,하우진 / 박창근,9.83
269,wed,해일주의보,맛곰 / 그일도,9.95
270,wed,마교전선 비룡십삼대,신검일 / 고굼마 / 겨울반디,9.73
271,wed,서른의 봄,면지,8.10
272,wed,숙녀가 대머리이면 어떻단말인가,아가사마기,8.71
273,wed,다 때려치고 콜라 팝니다,윤재호 / 고래낙하,9.79
274,wed,신수 유치원,여눅 / 밈바 / 글맛,9.76
275,wed,모닥불 친구들,다롱다리,9.88
276,wed,쾌변일지,도다,9.87
277,wed,완벽한 선배의 Hide!,두지,9.98
278,wed,당신의 가격을 알려드립니다,"무비, 곽동주 / 두민",9.66
279,wed,두 번 사는 프로듀서,여로운 / 왕십리글쟁이,9.84
280,wed,로열패밀리,"MAJOR, 옥한돌 / 옥한돌 / 십오기",9.86
281,wed,수인 보호소에서 남주를 입양해 버렸다,유지별이 / 설단희,9.97
282,wed,해골전령 이야기,kain_y / 소라게,9.95
283,wed,별과 사슬이 뜨는 섬,어패류메기 / 훌리,9.90
284,wed,칼부림,고일권,9.92
285,wed,결혼은 당신 형과,서각 / 정다혜 / 하윤미,9.70
286,wed,뽀대작렬,상하,9.97
287,wed,2026 루키 단편선,네이버웹툰 작가,9.74
288,wed,귀령,가나라 / 소희 / 월하야담,9.96
289,wed,게임에서 남자를 만나지 마세요,부메랑 마스터,9.85
290,wed,용한소녀,올소,9.97
291,wed,마님이네 미국 시골집 이야기,마님,9.19
292,wed,함부로 길들이지 마시오!,해마 / 담수 / 성하,9.97
293,wed,상속자들 사이에서 살아남기,소어링,8.57
294,wed,달마건,양영순,3.21
295,wed,조상님이 보고계셔,문찌,9.96
296,wed,두 번 빼앗긴 남편,홀림 / 영다 / 리키타,9.87
297,wed,헬 로그인,보고싶었어요 / 219,8.08
298,wed,우리 커플 아님!,봄소희 / 신토,9.91
299,wed,언덕 위의 제임스,쿠당탕,9.91
300,wed,빌드업,911,9.84
301,wed,하렘의 남자들,히어리 / 라닌 / 알파타르트,9.95
302,wed,냥냥찍찍!,꾀돌이,9.93
303,wed,헤르몬트 공작의 남자 정부,몽찌 / 라림 / offnun(오프넌),9.88
304,wed,여명의 등불,구크,9.90
305,wed,사라지게,ㅎㅂㅆ,9.71
306,wed,고하이런,지민수,9.66
307,wed,오늘은 뭐하고 놀까?,햄김밥,9.86
308,wed,언플러그드 보이,천계영,9.95
309,wed,레모네이드,혜루,9.92
310,wed,"양아치, 순애합니다",서난,9.90
311,wed,검은머리 기사왕,나인 / 현진 / 미스터쿼카,9.91
312,wed,귀여WAR,이난 / 따비,9.86
313,wed,레몬나무숲,해소금,9.97
314,wed,댄서,영일보이,9.87
315,wed,0의 온도,0g,9.91
316,wed,경성배달꾼,열오 / 펭,9.92
317,wed,착각 연애,89 / 이이사 / 구재나,9.86
318,wed,계약 결혼 종료,꾸리 / Lee jihye,9.91
319,wed,불완전 자매,"냠냠이, 아니 / 곰시",9.91
320,wed,은빛 눈이 반짝이던,조이은,9.87
321,wed,철릉고등학교,분발맨,9.89
322,wed,일곱 번째 의뢰인,함영서,9.76
323,wed,카르텔,"박수봉, 김장훈 / 진작",9.77
324,wed,불로남친,율로,9.94
325,wed,마누의 딸들,신일숙,9.89
326,wed,아이스크림 소년,은풀,9.93
327,wed,나태한 마왕은 신과 싸우기로 결심한다.,백창훈,9.84
328,wed,더킹,세모,9.17
329,wed,연애 전공 새내기입니다,교진,9.67
330,wed,비인간서사,호밀밭,9.85
331,wed,반짝반짝 작은 눈,억수씨,9.95
332,wed,어시스턴트,38,9.53
333,wed,멸종위기종인간,사하라,9.53
334,wed,유사품에 주의하세요,초롱이,9.73
335,wed,스톤에이지,JA,9.63
336,wed,레베카의 기도,주은,9.86
337,wed,향기로운 계약관계,토랑,9.75
338,wed,데드포인트,마요락,9.90
339,wed,낙화의별,MOOHAK,9.88
340,wed,더 스트리머,란,7.55
341,wed,털썩...너에게 반해버렸달까?,후야,9.95
342,wed,우리애 대한,차미슬,8.51
343,wed,1등을 위해,재른,9.47
344,wed,포비든 플레저,탐포포에이키,7.32
345,thu,나노마신,현절무 / 금강불괴 / 한중월야,9.78
346,thu,나의 경험,윤박,9.87
347,thu,마흔 즈음에,서쿤스,9.88
348,thu,육아일기,자까,9.96
349,thu,재벌집 막내아들,JP / 김병관 / 산경(山景),9.97
350,thu,럭키비치,"약수, MAJOR / 약수",9.26
351,thu,소꿉친구 컴플렉스,은하이,9.78
352,thu,게임 속 바바리안으로 살아남기,팀 더 지크 / MIDNIGHT STUDIO / 정윤강,9.95
353,thu,천마육성,광휘 / 조형근,9.91
354,thu,무사만리행,운 / 배민기,9.90
355,thu,"풍작이에요, 마왕님!",이현민 / 여강현 / 문백경,9.98
356,thu,전직지존,KHJ / 손민 / 장영훈,9.91
357,thu,할배무사와 지존 손녀,신의철 / 김명현 / 일향(一向),9.97
358,thu,작두,232 / POGO,9.95
359,thu,먹는 인생2,홍끼,9.96
360,thu,정글쥬스,형은 / 쥬더,9.93
361,thu,사시미 한 자루로 아카데미를 씹어먹음,GMAN / 탕아후루,9.94
362,thu,까맣지만 새하얀,최준영 / 망품,9.92
363,thu,홍은영의 이집트 신화,조수현 / 홍은영,9.93
364,thu,무림사채왕,"홍실, 살려주세요 / 후란",9.38
365,thu,종말에서 살아남기,송,9.78
366,thu,사내연애 사절!,두부 / 남수,9.96
367,thu,현실퀘스트,이주운 / 태성,9.82
368,thu,이과장 생존기,맷집왕 / 서윤 / 불량집사,9.94
369,thu,대마법사 커리큘럼,덩배,9.96
370,thu,회귀한 천재 헌터의 슬기로운 청소생활,고일고일 / 달비트,9.86
371,thu,사형집행관,이제환 / 박범진,9.87
372,thu,국정원 말단직원,MUTE / 삼둘,9.77
373,thu,같이 장볼래?,"집손이, 이개",9.94
374,thu,나의 죄,젤리피쉬 / 또각,9.31
375,thu,내향남녀,나,9.96
376,thu,배드 본 블러드,지누리 / D-Park / 백수귀족,9.96
377,thu,삼이는 재생한다,강은영,9.98
378,thu,쿠베라,카레곰,9.96
379,thu,강남싱크,필원 / 솔리,9.85
380,thu,김오진과 이상한 동물들,기선 / 필살린,9.96
381,thu,스캔들 메이커가 돌아왔다,"동쪽, 푸디몽 / 죽선 / 레몬개구리",9.96
382,thu,천재 회사원이 선넘으면 생기는일,오십이 / 도루묵 / 한룡,9.91
383,thu,시한부 천재 암흑기사,판테라 / 나기 / 정선율,9.81
384,thu,게임 최강 트롤러,박종석 / YATO / 군만두먹자,9.91
385,thu,월스트리트 천재의 시한부 투자법,박성현 / 심재영 / 글망쟁이,9.83
386,thu,이레즈미 소개팅남,토깽이,9.49
387,thu,최강전설 강해효,최병열,9.55
388,thu,문과X이과,다빈,9.96
389,thu,안녕 오목눈이 그리핀!,임형,9.94
390,thu,화림신필,레다판다,9.68
391,thu,영혼을 보는 변호사,이노안 / 선 / 글쓰는문어,9.91
392,thu,판타지 입소대,서패스 / 먼츠,9.73
393,thu,일립예고 학생들,백본,9.96
394,thu,2026 루키 단편선,네이버웹툰 작가,9.74
395,thu,종이호랑이,"몹시찰진우럭 / 몹시찰진우럭, 영목",9.96
396,thu,전생혈마,장작가 / 산천,9.73
397,thu,그림으로 승부,웡웡이,9.84
398,thu,최서연의 회피한 날들,김노이,9.82
399,thu,경계선,파트 / 꿀봉이 / 피숙혜,9.91
400,thu,언더복서,눈매 / 이재훈,9.47
401,thu,괴이호텔,안은평,8.72
402,thu,애무지구,박지독,9.91
403,thu,사회초년캣,잇선,9.85
404,thu,세계멸망전,펀치킥 / 킬,9.79
405,thu,서울밤피어,송지형,9.93
406,thu,고고밍밍고,밍밍고,9.93
407,thu,공작가의 남장 하인이 되었다,HBR / 갸우 / 메이비Y,9.94
408,thu,개는 헤엄치는 꿈을 꾼다,권 / 경타 / 이세미,9.83
409,thu,폐급연애,"멜리, 웬즈데이",9.20
410,thu,간병동맹,안수민,9.96
411,thu,운명해주세요,노뱀,9.95
412,thu,미모사,삼중,9.95
413,thu,당신에게 얽힌 채,유다 / danah789 / Nicole Knight,9.82
414,thu,하이클래스,"박만사, 르티 / 르티",8.28
415,thu,신의 요리,차정평 / 레블스튜디오,9.75
416,thu,사랑받고 자란,주키 / 보스,9.93
417,thu,호수의 백조,과일차 / 두긍,8.59
418,thu,소심한 호랭이 코코,키몽,9.97
419,thu,붉은 야차,돼지토끼 / 새벽선,9.76
420,thu,우리를 안아줘,아니영,9.97
421,thu,사랑이 끝나면 네가 끝난다,류길삼,9.97
422,thu,헤어지기 싫어!,해례,9.86
423,thu,천만배우의 딸이 되었다,마로,9.87
424,thu,이세계 캠핑으로 힐링 라이프,일인분 / 맹깐 / 금의행,9.97
425,thu,이런 게 사랑일리 없어,강환영,9.85
426,thu,컬러리스트,89line,9.93
427,thu,숨이 차도 괜찮아,황주영,9.57
428,thu,저승침공,신선젬 / RAZR,9.73
429,thu,최강의 로맨티스트,한별,9.91
430,thu,그아비에 그아들,송작가,9.52
431,thu,히든클래스 중력자로 최강을 노린다,네코코 / 아사히 아오,8.84
432,thu,짐승같은 것들,김태희,9.95
433,thu,이세계 싱글대디,찹도리 / W,9.92
434,thu,대타용사,밭,9.81
435,thu,우리 아이는 외계인에게 납치됐어요,PiT,9.86
436,thu,작성자OO,이배 / 반숙,9.86
437,thu,슬라임 증후군,시카,9.95
438,thu,카루나,강호진,9.83
439,thu,염매,갯첨서,9.91
440,thu,오버워치: 하나된 마음,Sam King / Studio Hive,9.75
441,thu,아이캣치유,"코앳 / 우주돌, 코앳",9.96
442,thu,풀 보이,커북이,9.89
443,thu,미로 인 메모리,유이수,9.93
444,thu,수사9단0,김선권,9.77
445,thu,어느 날 갑자기 최애가 생겼다,맛스타,9.86
446,thu,추억이 찾아오는 가게,꼬모소이,9.96
447,thu,이기적 동맹,구직신사,9.95
448,thu,내 어디가 좋아?,아르몽,9.89
449,thu,좋은 하루 보내,한구,9.91
450,thu,땅의 기록,WINSTON,9.95
451,thu,누가 어른 되면 다 된댔어?,정오,9.87
452,thu,최강 매니저,현마담,9.80
453,thu,수사중 연애금지!,이재홍,9.88
454,thu,내 여자친구는 이세계 용사?!,사다함,9.36
455,fri,광마회귀,JP / 이히 / 유진성,9.96
456,fri,오! 나의 교주님,"김꿀빨, 김완두",9.51
457,fri,외모지상주의,박태준,9.44
458,fri,나 혼자 만렙 뉴비,WAN.Z / 스윙뱃 / 메슬로우,9.93
459,fri,상남자,하늘소 / 도가도 / 김태궁,9.97
460,fri,아카데미에서 살아남기,기린그린 / 코리타,9.95
461,fri,네가 사는 그 집,석우 / 해바다,9.73
462,fri,두 얼굴,신도로 / 캔라,9.70
463,fri,나 혼자 탑에서 농사,한치 / 이하경 / sdcknight,9.97
464,fri,악당들의 후원자가 되었다,LICO / 조겐 / 봄한방울,9.96
465,fri,그리디,영하 / 랑라리,9.88
466,fri,A.I. 닥터,ZAINO / 쿠큐 / 한산이가,9.97
467,fri,천하제일 대사형,YooN / 북미혼,9.92
468,fri,신마 환생,더블디 / 동동이 / 요비,9.79
469,fri,1초,시니 / 광운,9.98
470,fri,마왕인데 용사가 너무 많음,윤선웅 / MIDNIGHT STUDIO / 미립,9.95
471,fri,현질무신,황토 / 시저디,9.25
472,fri,히든 특성 13개 들고 시작한다,엄키 / 땍꾸 / 마지막검사,9.87
473,fri,곤륜에 용이 산다,정범구 / 오상97 / 금의행,9.57
474,fri,여우놀이,황혜진,9.95
475,fri,검술명가의 네크로맨서,해귤 / 이광수 / 감튀이이이,9.90
476,fri,"언니, 이번 생엔 내가 왕비야",착견 / 트리플라인 / 레팔진프,9.96
477,fri,용사파티만화,칰타 / 랴코,9.96
478,fri,열렙전사 3부,"김세훈, 스튜디오 호호이 / 김세훈",9.74
479,fri,고독살인,부향연,8.84
480,fri,가장 썩은 것을 줄게,윤다,9.72
481,fri,이세계 영주가 밥을 잘 먹임,판테라 / 이디즈,9.90
482,fri,반로환동한 천마의 마경방송,"리진, 판테라 / 영광 / 찰하리",9.91
483,fri,그랬더니 남친임니다,뽀꼬,9.58
484,fri,연상녀클럽,한성만,9.93
485,fri,커플이상 부부미만,마자,9.92
486,fri,연애의 기록,베어리,7.34
487,fri,말년용사,후딩 / 신마니,9.95
488,fri,홍색인간,퀴니니,9.93
489,fri,천재소녀가 무림공적을 숨김,환운(還運) / 박정식 / 일향(一向),9.86
490,fri,히어로 킬러,꿀벌 / 벌꿀,9.96
491,fri,사자의 서,랑또 / 키로,9.97
492,fri,보이스피싱인데 인생역전,왓더헬 / 장탄,9.88
493,fri,생활의 참견 2 : 지금은 가족시절,김양수,9.94
494,fri,사랑은 좀비를 찢고,투현 / 칸치,9.47
495,fri,시간제 부부,산차 / 최연,9.93
496,fri,하는 사이,안녕,9.84
497,fri,가난한 영지의 주인이 되어 버렸다,환범 / D / 바가지,9.91
498,fri,범상한 변호사의 아공간,혜낙 / 김리아 / 서칸더브이,9.68
499,fri,아티팩트 먹는 플레이어,벤티 / 기인,9.82
500,fri,아포칼립스를 걷는 우체부,소구미 / 오드로버,9.91
501,fri,구야는 신입,구야,9.93
502,fri,새동네,림스,9.95
503,fri,남편은 한 명으로 족하다,고선영,9.93
504,fri,시체들의 전쟁,마요너구리,9.95
505,fri,공동급식구역,청건,9.84
506,fri,두근두근 대작전,최준영 / 기령,9.95
507,fri,브레이커즈,JDL / 뚱또 / 취룡,9.77
508,fri,"감히, 내가 너를",이끼끼 / 아란 / 쭈루쭈루,9.75
509,fri,개집사,고추참치,9.97
510,fri,싸움 1티어 과외 쌤 구하기,버퍼링 / 바캣,9.85
511,fri,나랑 한판,MIMIC,9.61
512,fri,이세계 만물슈퍼,손병준 / 최병호,9.20
513,fri,7황자는 애매해서 탈출합니다,건진 / 천진희 / 핏수,9.58
514,fri,박제,MUTE / 임송 / 승하,9.76
515,fri,죽음은 잠 못 이루고,새나 / 마니 / 인식론,9.97
516,fri,감히 바라옵건대,LICO / 백묘,9.92
517,fri,가장 위대한 마술사,김윤찬,9.95
518,fri,고구려 태왕미천,이동욱 / 김진명,9.91
519,fri,성북구 비둘기 이헌서,허새보,9.96
520,fri,첫정,혜윤 / 멍지 / 애디스,9.87
521,fri,여동생은 오늘 밤 나를 간택한다,네온비 / 도달,9.96
522,fri,죽여주는 캐스팅,영춘 / 하보,9.78
523,fri,사탄의 순애,용현 / 카모모,9.96
524,fri,초등생활 그림일기,은꼼지,9.95
525,fri,오답 없는 방정식,곰지공,9.68
526,fri,피도 눈물도 없는 용사,진 / 제리 / 박제후,9.81
527,fri,남편을 죽이고 저택을 상속받았다,LICO / 라치크,9.82
528,fri,내가 쓴 공포 소설에서 살아남는 법,불보라 / 나텐 / 일월랑,9.87
529,fri,인간천적,도국,9.95
530,fri,미드우트,원김,9.96
531,fri,와인파티에서 순애찾기,JJJAENG,9.71
532,fri,암살청과,나락 / 군다,9.73
533,fri,이름 사이 공백,희DA,9.97
534,fri,몽홀,장태산,9.89
535,fri,만두 생활기록부,킹만두,9.92
536,fri,너를 울린 비밀,연수,9.95
537,fri,미운오리새끼,펀지르르,9.85
538,fri,회귀수선전,김무현 / 엄청난,9.91
539,fri,북설애담,휘요,9.96
540,fri,소곤소곤2,옛사람,9.96
541,fri,만약은 없다,"시니, 남궁인 / 본인",9.94
542,fri,아라드의 빛: 먼저 걷는 자,제갈복자 / 펑키크리처 / 이수백,9.86
543,fri,수풀사이로,신스카이,9.96
544,fri,"빚, 나는 연인",김순돌,9.90
545,fri,미술 연작,설이 / 금하,9.89
546,fri,다이어트 워리어,이선,9.92
547,fri,당신의 사랑,오아,9.85
548,fri,뼈왕,유성연,9.96
549,fri,세상 사람들이 모두가 고양이라면,기선 / 덕귀,9.90
550,fri,내가 죽인 전남편과 재혼하겠습니다,깜자 / 미건 / 마고,9.83
551,fri,도무지 그애는,"게코, 시노키오 / 게코",9.97
552,fri,소년경찰,삼갱,9.65
553,fri,"바리, 별을 깨운 천둥",보또보 / 그로우,9.91
554,fri,절세미남 망나니 해골 되다,이루다 / 김선용,9.91
555,fri,죽지 말아 줘!,지와,9.87
556,fri,우리집 로미오,뉸달,9.61
557,fri,지옥 최강 마금강,최봉수,9.46
558,fri,완벽한 게 다인,은솔 / 재림,9.35
559,fri,단둘이는 안 돼!,멜로로,9.92
560,fri,조선 개스키,송세현 / 바라,9.75
561,fri,타임머신 만들기,자드나인,9.85
562,fri,합법해적 파르페,뼈피살,9.96
563,fri,아이돌리,로로,9.83
564,fri,프라이팬: 툴 마스터,기운찬,9.70
565,fri,우리는 후라이족,켄타,9.96
566,fri,킬링 달링 베이비-잉♡,고래짱 / 실버초코,9.83
567,fri,백년게임,하람 / 지야,9.81
568,fri,후키,미리암 보나스트레,9.93
569,fri,나의 모르는 여자친구,이정빈,9.86
570,fri,도원향,이하진,9.83
571,fri,원타이머,Two-zero,9.36
572,sat,절대군림,박시대 / 장영훈,9.95
573,sat,호랑이형님,이상규,9.86
574,sat,마도전생기,포스스튜디오 / codezero,9.93
575,sat,시든 꽃에 눈물을,개,9.70
576,sat,만취남녀,금,9.82
577,sat,킬러 배드로,김정현 / 임리나,9.94
578,sat,초인의 시대,섭이,9.74
579,sat,둘째에게,고태호,9.97
580,sat,"나태 공자, 노력 천재 되다",doip / 도도문 / 이등별,9.94
581,sat,짜장 한 그릇에 제갈세가 데릴사위,홍민석 / 에르훗,9.90
582,sat,디펜스 게임의 폭군이 되었다,하정 / 굥 / 류은가람,9.96
583,sat,세레나,정이나,9.96
584,sat,99강화나무몽둥이,홍실 / 지페리,9.69
585,sat,멸망한 가문의 회귀자,양평 / 성구 / Painkiller,9.84
586,sat,귀환했는데 입대 전날이다,해일 / 오코믹 / 황금비둘기,9.81
587,sat,동생 왔다,모나,9.94
588,sat,킬러경찰,이제환 / 이윤균,9.74
589,sat,용사파티만화,칰타 / 랴코,9.96
590,sat,황제의 검,레드훅 / 요그소 / 임무성,9.72
591,sat,환생했더니 대공의 셋째 아들,밤이밤 / BELF,9.76
592,sat,플레이어가 과거를 숨김,콘차 / 비누끼 / 베데스,9.96
593,sat,미스 펜들턴,꼬막 / 유혜민,9.98
594,sat,중대장은 실망했다,이량,9.94
595,sat,나를 바꿔줘,이지호 / 호띠,9.90
596,sat,사천패왕,"성구 / 사도연, 산보",9.57
597,sat,집구석 절대자,"리원, 판테라 / 탄토 / 아라만",9.89
598,sat,나이트런,김성민,9.91
599,sat,우리 길드 아이돌,꼬보,9.97
600,sat,초임계지옥,김성진,9.78
601,sat,르르르,우파람,8.44
602,sat,스터디그룹,신형욱 / 유승연,9.96
603,sat,지옥도시,기호,9.76
604,sat,야매 힐러로 사는 법,14획 / 나옌 / 새송이덮밥,9.96
605,sat,오브차카,"해태 / 병장, 박만사",9.91
606,sat,왕의 힘으로 회귀한다,재키레이 / KIM / 안소설,9.64
607,sat,정권으로 세계최강,"레블스튜디오, 유승원 / 누이",9.32
608,sat,멸망한 세계의 취사병,진석 / 조돌 / 마일드커피,9.82
609,sat,연애 못하면 죽음!,우연희 / pusna,9.71
610,sat,마수 사냥꾼이 살아가는 법,버퍼링 / 카멜레온F / 쌍봉낙타3,9.86
611,sat,회귀자의 은퇴 라이프,서희 / IN사 / 간짜장,9.92
612,sat,무무무,"박용제, 픞2 / 박용제",8.49
613,sat,윌유메리미,마인드C,9.91
614,sat,마님이네 미국 시골집 이야기,마님,9.19
615,sat,엄마는 남자만 좋아해,타리,9.09
616,sat,철과 얼음의 여정,울롱,9.95
617,sat,아주 사적인 영역,숲,9.92
618,sat,같은 학교 친구,유유,9.97
619,sat,사회초년캣,잇선,9.85
620,sat,새끼부터 시작하는 악마생활,화현 / 장요나 / 중고루,9.83
621,sat,억만무림,매일 / 포톤,9.91
622,sat,세상에 나쁜 용사는 없다,유령두부 / 한소,9.90
623,sat,드블리와 힐링합니다.,지대공마법소년 / 지원 / fides,9.94
624,sat,어글리후드,미애,9.97
625,sat,문양전,강한,9.89
626,sat,K학원 생존기,양아최,9.94
627,sat,데스루프,은삼,9.34
628,sat,과학고 생존일지,윤찐빵,9.78
629,sat,탑아이돌의 막내 멤버가 되었다,맛곰 / 강서울,9.98
630,sat,나랑 같이살아,수현,9.95
631,sat,남편 도둑,알파타르트 / 검푸,9.92
632,sat,냥냥찍찍!,꾀돌이,9.93
633,sat,블랙 옵스,신진우 / 홍순식,9.82
634,sat,오사카 환상선,혀나현,9.97
635,sat,스쿨 오브 스트릿,슬랭킷,9.97
636,sat,차라리 빌런으로 살겠다,덤보 / 다다 / 서인하,9.89
637,sat,로도스도 전기 : 사령의 여왕,남부낙타 / Blanton / Ryo MIZUNO,9.89
638,sat,남편이 아이를 숨겼다,개굴 / 류솔 / 김노라,9.92
639,sat,연애지옥,용오름,7.50
640,sat,로스트 미디어샵 아코드,육공,9.87
641,sat,꽤애액,고래군,9.90
642,sat,고고농구,이명재,9.95
643,sat,조은학생,이한솔,9.79
644,sat,예쁜 개차반,박로세 / LEE,9.92
645,sat,위탁가족!,조똘복,9.97
646,sat,장인의 거리,kain_y / 호재,9.91
647,sat,살아생전,지도,9.98
648,sat,천 살 연하 황제가 집착한다,이윤희 / 카라,9.96
649,sat,죽었는데 왜 집착하세요,"베스트프렌드, 미카 / 미카 / 한윤설",9.89
650,sat,고교야구 타이쿤,박대혁,9.29
651,sat,복수를 위한 결혼동맹,EMMA / 윤희사,9.94
652,sat,설탕에 곁들인 로맨스,을승,9.92
653,sat,용사참수인,김세래,9.84
654,sat,결혼 청약 당첨,권계림 / 대니 서,9.94
655,sat,싸움이 너무 쉽다,정상 / OFOZ / 블루티풀,9.34
656,sat,내 호수에 가둔 인어,밋츄 / 알뽀비 /  치파랑,9.97
657,sat,나만 최강 초월자,에토 슌지 / 츠지다 켄타,9.64
658,sat,꿈의 엔트리,울리,9.88
659,sat,우리집에 온 여우들,김현,9.92
660,sat,마왕의 채널,말랭2,9.87
661,sat,육각,권라드,9.89
662,sat,마법사가 죽음을 맞이하는 방법,박젶 / 주은설,9.96
663,sat,들개전쟁,서패스,7.99
664,sat,용사 출연 마왕 연출,희또,9.94
665,sat,쌍둥이에게 아내 자리를 빼앗겼다,해민 / 자라개 / 단구름·불랄리,9.79
666,sat,오싹한 연애,꼉 / 키무,9.93
667,sat,태은민호만화,가량,9.77
668,sat,말없는 전학생,이유정,8.95
669,sat,배고픈 새가 일찍 일어난다,세싸미,9.88
670,sat,불량순정,김수박 / 쌍필,9.93
671,sat,펫로스클럽,올드독,9.95
672,sat,짝사랑을 망치고 싶어,신여름,9.89
673,sat,그 냉장고 안에서는,냉친,9.85
674,sat,신이 되겠다,정연호 / 강구,9.90
675,sat,모두가 날 싫어한다,산하 / 김세인,9.94
676,sat,마왕 마석호,유비,9.58
677,sat,짝사랑 사생결단,만깍,9.95
678,sat,이매망량,관절,8.34
679,sat,내 남자친구는 고양이다옹,이하 / 영식,9.95
680,sat,사신님과 3년 계약,사쿠라다 린 / MONA,9.82
681,sat,S.K.T(Swallow Knights Tales),한흔 / 구당 / 김철곤,9.85
682,sat,소마소응,예조,9.93
683,sat,결혼파행,한지,9.68
684,sat,동그란 그녀와 소심한 그 남자,하야마 이즈미 / 오카무라 야치요,9.80
685,sat,썩어도 혈육,bunny,9.04
686,sat,DARK MOON: 두 개의 달,HYBE,9.80
687,sat,행운의 여신,허니비 / 남우리,9.93
688,sat,사운즈 라이크,소연,9.96
689,sat,스트레이 불렛,모카개,9.23
690,sat,빅 샤이닝,바리,9.64
691,sat,한판,백시우,9.81
692,sat,비밀복식클럽,소영,9.95
693,sat,"다시, 순정퀘스트",이온도,9.91
694,sat,세이브 디 어스!,맴,9.88
695,sat,너랑 걷는 개 좋아,누리아 산귀노,9.90
696,sat,청춘 관찰기,한민기,9.93
697,sat,백 킥!,최 강,9.85
698,sat,호붕빵 아저씨,정다운,9.97
699,sat,유령의 노래,김문경,9.97
700,sun,육아일기,자까,9.96
701,sun,범죄도시0,박태준 / 정종택,9.85
702,sun,럭키비치,"약수, MAJOR / 약수",9.26
703,sun,권왕환생,최진형 / 도나스 / 유진성,9.95
704,sun,태존비록,김꿀빨 / 레드훅 / 비가,9.68
705,sun,2회차 환관이 남성을 되찾음,LICO / 포스스튜디오 / 노빠꾸맨,9.88
706,sun,모든걸 기억하는 천재무사,Omin / 모기향 / 적설목,9.72
707,sun,프롤로그에서 30년이 흘렀다,기린그린 / 맠엘라하,9.93
708,sun,일타강사 백사부,"사내, 오름 / 드로우웨이즈 / 간짜장",9.90
709,sun,시루/24/1km,6M / 941,9.84
710,sun,어린 아내와 나쁜 짓,"무멘, MUTE / 83 / 이리와",9.82
711,sun,인간의 식탁,김규삼,9.33
712,sun,아카데미의 천재칼잡이,시치 / 서관도,9.88
713,sun,하남자의 탑 공략법,표표 / 플랜에이 / 꾸찌꾸찌,9.92
714,sun,세상에 나쁜 영애는 없다,신희빈 / 팀 핑크샥 / 코리타,9.87
715,sun,아리도록,잔디롤빵,9.97
716,sun,귀농했더니 국가급 거물 후배들이 몰려든다,우기 / Trav / 아길론,9.89
717,sun,축구천재로 오해받는 중입니다,이보테 / 한명현,9.94
718,sun,용사파티만화,칰타 / 랴코,9.96
719,sun,천재 무림 트레이너,코울 / MIDNIGHT STUDIO / 크루크루,9.94
720,sun,같이 장볼래?,"집손이, 이개",9.94
721,sun,너만 보인단 말이야,채군 / 닷지,9.94
722,sun,맹종,해무리,9.97
723,sun,부활소년,류,9.94
724,sun,용사보다 너무 강해서 힘을 숨김,승한 / 예림,9.62
725,sun,환생좌,"ALLA / 아스트라페, 백전",9.66
726,sun,해시태그는 첫사랑,KAN,9.93
727,sun,소녀바둑,큐띠뿅,9.88
728,sun,재벌의 품격,아쿠아콘 / 우주영 / 서인하,9.92
729,sun,내 최애는 막차를 탄다,직씨,9.97
730,sun,지옥심판,가강 / 주혁,9.74
731,sun,"20 중반, 성공이란 무엇인가",김동훈,9.25
732,sun,고대동물기,고제형,9.97
733,sun,양아치의 첫사랑,치치,9.96
734,sun,이레즈미 소개팅남,토깽이,9.49
735,sun,스페이스 마린에게 상태창이 생김,꿀범 / 호우자 / 디다트,9.35
736,sun,장풍전,신영우,9.94
737,sun,레드셔츠,펀치킥,9.89
738,sun,인터뷰,중숭 / 주낙,9.85
739,sun,소년교도소,청민 / 이수현,7.08
740,sun,던전짐꾼,나진수,9.87
741,sun,흉가에 들어가면 안되는 이유,벽돌,9.95
742,sun,엄마는 돼지가 되었다,사자베기,9.69
743,sun,위닝샷!,강견 / 시바견,9.93
744,sun,솔플의 제왕,봄 버스터즈 / 은화26 / 디다트,9.77
745,sun,꿈에서 본 그놈이 대단해!,LICO / 미지,9.84
746,sun,나의 비발디,배청이 / 틸다123,9.55
747,sun,괴물 천재선수들이 날 너무 좋아함,조약돌 / 혜인태,9.66
748,sun,서바이브,태발 / 김홍태,8.79
749,sun,2026 루키 단편선,네이버웹툰 작가,9.74
750,sun,아마도 무적불패,2Poet,9.64
751,sun,천도박멸,와나나 / 기연,9.85
752,sun,마탑의 문제아들,샘미 / 영명 / 제리엠,9.92
753,sun,살인 알고리즘,삼수,9.73
754,sun,원 앤 온리,임주이 / 로즈빈,9.95
755,sun,숨쉬지마,린세 / 드로잉창고,9.62
756,sun,빌런의 프로파일러,파스타 코인 / 김진석 / 정용(正龍),9.93
757,sun,두근두근 귀연시,동우,9.93
758,sun,용사생활기록부,땅콩,9.97
759,sun,고덕춘의 푸드트럭,포포,9.84
760,sun,상사불상사,영하 / 공사,9.95
761,sun,공정거래위원회,권오준 / taibogi / 현우,9.90
762,sun,화스트 페이스,NO_Teamkill,9.89
763,sun,경자 전성시대,김호드,9.89
764,sun,밀실남녀,후,9.95
765,sun,논 투아,나윤희,9.98
766,sun,용사의 발라드,남웅 / 음유시인 / 도동파,9.81
767,sun,모럴리스 스캔들,둥그라미 / 여슬기 / 달슬,9.97
768,sun,사이코패스 흑막과 파혼하는 50가지 방법,무지 / SOON / 김명란,9.96
769,sun,무조건 이혼한다,모닥불,9.49
770,sun,심검의 용사,문도현,9.92
771,sun,덤벙덤벙 내인생,덤덤,9.95
772,sun,연산군의 셰프로 살아남기,뉴로크 스튜디오 / 정오 / 박국재,9.87
773,sun,남들 로판 여주 할 때 나는 장롱 괴물 됨,굿람 / 서리 / 콩해리,9.97
774,sun,악녀의 시집살이는 즐겁다,최무탁 / GIM / 준예,9.75
775,sun,첫 고백,희똑 / 호애,9.91
776,sun,와인의 신,성혜 / ELOJ / 최풍뎅,9.87
777,sun,청춘정식,봄소희 / KYMA,9.90
778,sun,과학고 사변,고태린,9.84
779,sun,아무래도 결혼을 잘못한 것 같다,"빗잘 / 스튜디오 파노라마, 지멸계 / 김다함",9.94
780,sun,리히트,용과,9.91
781,sun,무능력자,치킨무 / 드쾅,9.77
782,sun,오리짱!,우영영,9.97
783,sun,악몽무당,공현곤,9.61
784,sun,뼈삼촌,깡준치,9.92
785,sun,"아임 파인 땡큐, 앤유?",벼락,9.91
786,sun,태엽 위를 걷는 연인,아르누니,9.94
787,sun,나는 참지 못한다,성현,9.92
788,sun,몰락 끝에 네가 있다,호랭이콩 / Shed / 유세라,9.93
789,sun,헤이트걸,나솔,9.12
790,sun,고백대리,문조,9.97
791,sun,중사의 드래곤,워티,9.84
792,sun,죽거나 혹은 사랑에 빠지거나,허니비,9.86
793,sun,빙의자 베네핏이 없음,곽나나 / 설동원 / 혜녹,9.94
794,sun,그 애의 교환일기,흑빼,9.80
795,sun,살인예정자,유령아이 / 바밤,9.89
796,sun,악마 임시 보호 중!,박성원,9.86
797,sun,구제는 없다,우시목 / 티오비,9.77
798,sun,감정전이,향유,9.91
799,sun,미래의 할 일,복슬,9.96
800,sun,사랑 안 해!,님니,9.92
801,sun,수사중 연애금지!,이재홍,9.88
802,sun,미스테리 쇼크,하랑,7.67
803,sun,챗윗미,조니조,9.90
804,sun,우리의 공백,조예빈,9.86
805,sun,Mickey x F1 정상을 향한 질주,Brandon Chen / Kisai Entertainment,9.34
